{"assets/backgrounds/bg.jpg":["assets/backgrounds/bg.jpg"],"assets/welcomesplash.json":["assets/welcomesplash.json"],"packages/cupertino_icons/assets/CupertinoIcons.ttf":["packages/cupertino_icons/assets/CupertinoIcons.ttf"],"packages/fluttertoast/assets/toastify.css":["packages/fluttertoast/assets/toastify.css"],"packages/fluttertoast/assets/toastify.js":["packages/fluttertoast/assets/toastify.js"],"packages/font_awesome_flutter/lib/fonts/fa-brands-400.ttf":["packages/font_awesome_flutter/lib/fonts/fa-brands-400.ttf"],"packages/font_awesome_flutter/lib/fonts/fa-regular-400.ttf":["packages/font_awesome_flutter/lib/fonts/fa-regular-400.ttf"],"packages/font_awesome_flutter/lib/fonts/fa-solid-900.ttf":["packages/font_awesome_flutter/lib/fonts/fa-solid-900.ttf"],"packages/lsquare_production/assets/app_icon.png":["packages/lsquare_production/assets/app_icon.png"],"packages/lsquare_production/assets/mgmt.png":["packages/lsquare_production/assets/mgmt.png"],"packages/lsquare_production/assets/welcomesplash.json":["packages/lsquare_production/assets/welcomesplash.json"]}