{"nm":"播放动画","ddd":0,"h":150,"w":200,"meta":{"g":"@lottiefiles/toolkit-js 0.33.2"},"layers":[{"ty":4,"nm":"形状图层 20","sr":1,"st":0,"op":100,"ip":0,"hd":false,"ddd":0,"bm":0,"hasMask":false,"ao":0,"ks":{"a":{"a":0,"k":[-75.5,3.25,0],"ix":1},"s":{"a":0,"k":[100,100,100],"ix":6},"sk":{"a":0,"k":0},"p":{"a":0,"k":[166.25,76.723,0],"ix":2},"r":{"a":0,"k":0,"ix":10},"sa":{"a":0,"k":0},"o":{"a":0,"k":100,"ix":11}},"ef":[],"shapes":[{"ty":"gr","bm":0,"hd":false,"mn":"ADBE Vector Group","nm":"矩形 1","ix":1,"cix":2,"np":3,"it":[{"ty":"sh","bm":0,"hd":false,"mn":"ADBE Vector Shape - Group","nm":"路径 1","ix":1,"d":1,"ks":{"a":1,"k":[{"o":{"x":0.167,"y":0.167},"i":{"x":0.833,"y":0.833},"s":[{"c":true,"i":[[0,-1.657],[0,0],[1.657,0],[0,1.657],[0,0],[-1.657,0]],"o":[[0,0],[0,1.657],[-1.657,0],[0,0],[0,-1.657],[1.657,0]],"v":[[3,-7.25],[3,11.5],[0,14.5],[-3,11.5],[-3,-7.25],[0,-10.25]]}],"t":0},{"o":{"x":0.167,"y":0.167},"i":{"x":0.833,"y":0.833},"s":[{"c":true,"i":[[0,-1.657],[0,0],[1.657,0],[0,1.657],[0,0],[-1.657,0]],"o":[[0,0],[0,1.657],[-1.657,0],[0,0],[0,-1.657],[1.657,0]],"v":[[3,-17],[3,17],[0,20],[-3,17],[-3,-17],[0,-20]]}],"t":6},{"o":{"x":0.167,"y":0.167},"i":{"x":0.833,"y":0.833},"s":[{"c":true,"i":[[0,-1.657],[0,0],[1.657,0],[0,1.657],[0,0],[-1.657,0]],"o":[[0,0],[0,1.657],[-1.657,0],[0,0],[0,-1.657],[1.657,0]],"v":[[3,-2],[3,7.25],[0,10.25],[-3,7.25],[-3,-2],[0,-5]]}],"t":12},{"o":{"x":0.167,"y":0.167},"i":{"x":0.833,"y":0.833},"s":[{"c":true,"i":[[0,-1.657],[0,0],[1.657,0],[0,1.657],[0,0],[-1.657,0]],"o":[[0,0],[0,1.657],[-1.657,0],[0,0],[0,-1.657],[1.657,0]],"v":[[3,-24.75],[3,21],[0,24],[-3,21],[-3,-24.75],[0,-27.75]]}],"t":18},{"o":{"x":0.167,"y":0.167},"i":{"x":0.833,"y":0.833},"s":[{"c":true,"i":[[0,-1.657],[0,0],[1.657,0],[0,1.657],[0,0],[-1.657,0]],"o":[[0,0],[0,1.657],[-1.657,0],[0,0],[0,-1.657],[1.657,0]],"v":[[3,-17],[3,17],[0,20],[-3,17],[-3,-17],[0,-20]]}],"t":24},{"o":{"x":0.167,"y":0.167},"i":{"x":0.833,"y":0.833},"s":[{"c":true,"i":[[0,-1.657],[0,0],[1.657,0],[0,1.657],[0,0],[-1.657,0]],"o":[[0,0],[0,1.657],[-1.657,0],[0,0],[0,-1.657],[1.657,0]],"v":[[3,-25.25],[3,26],[0,29],[-3,26],[-3,-25.25],[0,-28.25]]}],"t":30},{"s":[{"c":true,"i":[[0,-1.657],[0,0],[1.657,0],[0,1.657],[0,0],[-1.657,0]],"o":[[0,0],[0,1.657],[-1.657,0],[0,0],[0,-1.657],[1.657,0]],"v":[[3,-2],[3,7.25],[0,10.25],[-3,7.25],[-3,-2],[0,-5]]}],"t":36}],"ix":2}},{"ty":"fl","bm":0,"hd":false,"mn":"ADBE Vector Graphic - Fill","nm":"填充 1","c":{"a":0,"k":[0.5137,0.2745,0.2549],"ix":4},"r":1,"o":{"a":0,"k":100,"ix":5}},{"ty":"tr","a":{"a":0,"k":[0,0],"ix":1},"s":{"a":0,"k":[100,100],"ix":3},"sk":{"a":0,"k":0,"ix":4},"p":{"a":0,"k":[-74.942,1.527],"ix":2},"r":{"a":0,"k":0,"ix":6},"sa":{"a":0,"k":0,"ix":5},"o":{"a":0,"k":100,"ix":7}}]}],"ind":1},{"ty":4,"nm":"形状图层 19","sr":1,"st":0,"op":100,"ip":0,"hd":false,"ddd":0,"bm":0,"hasMask":false,"ao":0,"ks":{"a":{"a":0,"k":[-75.5,3.25,0],"ix":1},"s":{"a":0,"k":[100,100,100],"ix":6},"sk":{"a":0,"k":0},"p":{"a":0,"k":[154.375,76.723,0],"ix":2},"r":{"a":0,"k":0,"ix":10},"sa":{"a":0,"k":0},"o":{"a":0,"k":100,"ix":11}},"ef":[],"shapes":[{"ty":"gr","bm":0,"hd":false,"mn":"ADBE Vector Group","nm":"矩形 1","ix":1,"cix":2,"np":3,"it":[{"ty":"sh","bm":0,"hd":false,"mn":"ADBE Vector Shape - Group","nm":"路径 1","ix":1,"d":1,"ks":{"a":1,"k":[{"o":{"x":0.167,"y":0.167},"i":{"x":0.833,"y":0.833},"s":[{"c":true,"i":[[0,-1.657],[0,0],[1.657,0],[0,1.657],[0,0],[-1.657,0]],"o":[[0,0],[0,1.657],[-1.657,0],[0,0],[0,-1.657],[1.657,0]],"v":[[3,-17],[3,17],[0,20],[-3,17],[-3,-17],[0,-20]]}],"t":0},{"o":{"x":0.167,"y":0.167},"i":{"x":0.833,"y":0.833},"s":[{"c":true,"i":[[0,-1.657],[0,0],[1.657,0],[0,1.657],[0,0],[-1.657,0]],"o":[[0,0],[0,1.657],[-1.657,0],[0,0],[0,-1.657],[1.657,0]],"v":[[3,-34.25],[3,30],[0,33],[-3,30],[-3,-34.25],[0,-37.25]]}],"t":6},{"o":{"x":0.167,"y":0.167},"i":{"x":0.833,"y":0.833},"s":[{"c":true,"i":[[0,-1.657],[0,0],[1.657,0],[0,1.657],[0,0],[-1.657,0]],"o":[[0,0],[0,1.657],[-1.657,0],[0,0],[0,-1.657],[1.657,0]],"v":[[3,-17],[3,17],[0,20],[-3,17],[-3,-17],[0,-20]]}],"t":12},{"o":{"x":0.167,"y":0.167},"i":{"x":0.833,"y":0.833},"s":[{"c":true,"i":[[0,-1.657],[0,0],[1.657,0],[0,1.657],[0,0],[-1.657,0]],"o":[[0,0],[0,1.657],[-1.657,0],[0,0],[0,-1.657],[1.657,0]],"v":[[3,-2],[3,7.25],[0,10.25],[-3,7.25],[-3,-2],[0,-5]]}],"t":18},{"o":{"x":0.167,"y":0.167},"i":{"x":0.833,"y":0.833},"s":[{"c":true,"i":[[0,-1.657],[0,0],[1.657,0],[0,1.657],[0,0],[-1.657,0]],"o":[[0,0],[0,1.657],[-1.657,0],[0,0],[0,-1.657],[1.657,0]],"v":[[2.875,-9.25],[2.875,11.5],[-0.125,14.5],[-3.125,11.5],[-3.125,-9.25],[-0.125,-12.25]]}],"t":24},{"o":{"x":0.167,"y":0.167},"i":{"x":0.833,"y":0.833},"s":[{"c":true,"i":[[0,-1.657],[0,0],[1.657,0],[0,1.657],[0,0],[-1.657,0]],"o":[[0,0],[0,1.657],[-1.657,0],[0,0],[0,-1.657],[1.657,0]],"v":[[3,-2],[3,7.25],[0,10.25],[-3,7.25],[-3,-2],[0,-5]]}],"t":30},{"s":[{"c":true,"i":[[0,-1.657],[0,0],[1.657,0],[0,1.657],[0,0],[-1.657,0]],"o":[[0,0],[0,1.657],[-1.657,0],[0,0],[0,-1.657],[1.657,0]],"v":[[3,-17],[3,17],[0,20],[-3,17],[-3,-17],[0,-20]]}],"t":36}],"ix":2}},{"ty":"fl","bm":0,"hd":false,"mn":"ADBE Vector Graphic - Fill","nm":"填充 1","c":{"a":0,"k":[0.5137,0.2745,0.2549],"ix":4},"r":1,"o":{"a":0,"k":100,"ix":5}},{"ty":"tr","a":{"a":0,"k":[0,0],"ix":1},"s":{"a":0,"k":[100,100],"ix":3},"sk":{"a":0,"k":0,"ix":4},"p":{"a":0,"k":[-74.942,1.527],"ix":2},"r":{"a":0,"k":0,"ix":6},"sa":{"a":0,"k":0,"ix":5},"o":{"a":0,"k":100,"ix":7}}]}],"ind":2},{"ty":4,"nm":"形状图层 18","sr":1,"st":0,"op":100,"ip":0,"hd":false,"ddd":0,"bm":0,"hasMask":false,"ao":0,"ks":{"a":{"a":0,"k":[-75.5,3.25,0],"ix":1},"s":{"a":0,"k":[100,100,100],"ix":6},"sk":{"a":0,"k":0},"p":{"a":0,"k":[142.375,76.723,0],"ix":2},"r":{"a":0,"k":0,"ix":10},"sa":{"a":0,"k":0},"o":{"a":0,"k":100,"ix":11}},"ef":[],"shapes":[{"ty":"gr","bm":0,"hd":false,"mn":"ADBE Vector Group","nm":"矩形 1","ix":1,"cix":2,"np":3,"it":[{"ty":"sh","bm":0,"hd":false,"mn":"ADBE Vector Shape - Group","nm":"路径 1","ix":1,"d":1,"ks":{"a":1,"k":[{"o":{"x":0.167,"y":0.167},"i":{"x":0.833,"y":0.833},"s":[{"c":true,"i":[[0,-1.657],[0,0],[1.657,0],[0,1.657],[0,0],[-1.657,0]],"o":[[0,0],[0,1.657],[-1.657,0],[0,0],[0,-1.657],[1.657,0]],"v":[[2.875,-8.5],[2.875,12.25],[-0.125,15.25],[-3.125,12.25],[-3.125,-8.5],[-0.125,-11.5]]}],"t":0},{"o":{"x":0.167,"y":0.167},"i":{"x":0.833,"y":0.833},"s":[{"c":true,"i":[[0,-1.657],[0,0],[1.657,0],[0,1.657],[0,0],[-1.657,0]],"o":[[0,0],[0,1.657],[-1.657,0],[0,0],[0,-1.657],[1.657,0]],"v":[[3,-2],[3,7.25],[0,10.25],[-3,7.25],[-3,-2],[0,-5]]}],"t":6},{"o":{"x":0.167,"y":0.167},"i":{"x":0.833,"y":0.833},"s":[{"c":true,"i":[[0,-1.657],[0,0],[1.657,0],[0,1.657],[0,0],[-1.657,0]],"o":[[0,0],[0,1.657],[-1.657,0],[0,0],[0,-1.657],[1.657,0]],"v":[[3,-17],[3,17],[0,20],[-3,17],[-3,-17],[0,-20]]}],"t":12},{"o":{"x":0.167,"y":0.167},"i":{"x":0.833,"y":0.833},"s":[{"c":true,"i":[[0,-1.657],[0,0],[1.657,0],[0,1.657],[0,0],[-1.657,0]],"o":[[0,0],[0,1.657],[-1.657,0],[0,0],[0,-1.657],[1.657,0]],"v":[[3,-34.25],[3,30],[0,33],[-3,30],[-3,-34.25],[0,-37.25]]}],"t":18},{"o":{"x":0.167,"y":0.167},"i":{"x":0.833,"y":0.833},"s":[{"c":true,"i":[[0,-1.657],[0,0],[1.657,0],[0,1.657],[0,0],[-1.657,0]],"o":[[0,0],[0,1.657],[-1.657,0],[0,0],[0,-1.657],[1.657,0]],"v":[[2.875,-5.75],[2.875,6.75],[-0.125,9.75],[-3.125,6.75],[-3.125,-5.75],[-0.125,-8.75]]}],"t":24},{"o":{"x":0.167,"y":0.167},"i":{"x":0.833,"y":0.833},"s":[{"c":true,"i":[[0,-1.657],[0,0],[1.657,0],[0,1.657],[0,0],[-1.657,0]],"o":[[0,0],[0,1.657],[-1.657,0],[0,0],[0,-1.657],[1.657,0]],"v":[[3,-2],[3,7.25],[0,10.25],[-3,7.25],[-3,-2],[0,-5]]}],"t":30},{"s":[{"c":true,"i":[[0,-1.657],[0,0],[1.657,0],[0,1.657],[0,0],[-1.657,0]],"o":[[0,0],[0,1.657],[-1.657,0],[0,0],[0,-1.657],[1.657,0]],"v":[[2.875,-10.25],[2.875,11],[-0.125,14],[-3.125,11],[-3.125,-10.25],[-0.125,-13.25]]}],"t":36}],"ix":2}},{"ty":"fl","bm":0,"hd":false,"mn":"ADBE Vector Graphic - Fill","nm":"填充 1","c":{"a":0,"k":[0.5137,0.2745,0.2549],"ix":4},"r":1,"o":{"a":0,"k":100,"ix":5}},{"ty":"tr","a":{"a":0,"k":[0,0],"ix":1},"s":{"a":0,"k":[100,100],"ix":3},"sk":{"a":0,"k":0,"ix":4},"p":{"a":0,"k":[-74.942,1.527],"ix":2},"r":{"a":0,"k":0,"ix":6},"sa":{"a":0,"k":0,"ix":5},"o":{"a":0,"k":100,"ix":7}}]}],"ind":3},{"ty":4,"nm":"形状图层 14","sr":1,"st":0,"op":100,"ip":0,"hd":false,"ddd":0,"bm":0,"hasMask":false,"ao":0,"ks":{"a":{"a":0,"k":[-75.5,3.25,0],"ix":1},"s":{"a":0,"k":[100,100,100],"ix":6},"sk":{"a":0,"k":0},"p":{"a":0,"k":[178.25,76.723,0],"ix":2},"r":{"a":0,"k":0,"ix":10},"sa":{"a":0,"k":0},"o":{"a":0,"k":100,"ix":11}},"ef":[],"shapes":[{"ty":"gr","bm":0,"hd":false,"mn":"ADBE Vector Group","nm":"矩形 1","ix":1,"cix":2,"np":3,"it":[{"ty":"sh","bm":0,"hd":false,"mn":"ADBE Vector Shape - Group","nm":"路径 1","ix":1,"d":1,"ks":{"a":1,"k":[{"o":{"x":0.167,"y":0.167},"i":{"x":0.833,"y":0.833},"s":[{"c":true,"i":[[0,-1.657],[0,0],[1.657,0],[0,1.657],[0,0],[-1.657,0]],"o":[[0,0],[0,1.657],[-1.657,0],[0,0],[0,-1.657],[1.657,0]],"v":[[3,-17],[3,17],[0,20],[-3,17],[-3,-17],[0,-20]]}],"t":0},{"o":{"x":0.167,"y":0.167},"i":{"x":0.833,"y":0.833},"s":[{"c":true,"i":[[0,-1.657],[0,0],[1.657,0],[0,1.657],[0,0],[-1.657,0]],"o":[[0,0],[0,1.657],[-1.657,0],[0,0],[0,-1.657],[1.657,0]],"v":[[3,-2],[3,7.25],[0,10.25],[-3,7.25],[-3,-2],[0,-5]]}],"t":6},{"o":{"x":0.167,"y":0.167},"i":{"x":0.833,"y":0.833},"s":[{"c":true,"i":[[0,-1.657],[0,0],[1.657,0],[0,1.657],[0,0],[-1.657,0]],"o":[[0,0],[0,1.657],[-1.657,0],[0,0],[0,-1.657],[1.657,0]],"v":[[3,-17],[3,17],[0,20],[-3,17],[-3,-17],[0,-20]]}],"t":12},{"o":{"x":0.167,"y":0.167},"i":{"x":0.833,"y":0.833},"s":[{"c":true,"i":[[0,-1.657],[0,0],[1.657,0],[0,1.657],[0,0],[-1.657,0]],"o":[[0,0],[0,1.657],[-1.657,0],[0,0],[0,-1.657],[1.657,0]],"v":[[3,-34.25],[3,30],[0,33],[-3,30],[-3,-34.25],[0,-37.25]]}],"t":18},{"o":{"x":0.167,"y":0.167},"i":{"x":0.833,"y":0.833},"s":[{"c":true,"i":[[0,-1.657],[0,0],[1.657,0],[0,1.657],[0,0],[-1.657,0]],"o":[[0,0],[0,1.657],[-1.657,0],[0,0],[0,-1.657],[1.657,0]],"v":[[3,-6],[3,6.5],[0,9.5],[-3,6.5],[-3,-6],[0,-9]]}],"t":24},{"o":{"x":0.167,"y":0.167},"i":{"x":0.833,"y":0.833},"s":[{"c":true,"i":[[0,-1.657],[0,0],[1.657,0],[0,1.657],[0,0],[-1.657,0]],"o":[[0,0],[0,1.657],[-1.657,0],[0,0],[0,-1.657],[1.657,0]],"v":[[3,-2],[3,7.25],[0,10.25],[-3,7.25],[-3,-2],[0,-5]]}],"t":30},{"s":[{"c":true,"i":[[0,-1.657],[0,0],[1.657,0],[0,1.657],[0,0],[-1.657,0]],"o":[[0,0],[0,1.657],[-1.657,0],[0,0],[0,-1.657],[1.657,0]],"v":[[3,-17],[3,17],[0,20],[-3,17],[-3,-17],[0,-20]]}],"t":36}],"ix":2}},{"ty":"fl","bm":0,"hd":false,"mn":"ADBE Vector Graphic - Fill","nm":"填充 1","c":{"a":0,"k":[0.5137,0.2745,0.2549],"ix":4},"r":1,"o":{"a":0,"k":100,"ix":5}},{"ty":"tr","a":{"a":0,"k":[0,0],"ix":1},"s":{"a":0,"k":[100,100],"ix":3},"sk":{"a":0,"k":0,"ix":4},"p":{"a":0,"k":[-74.942,1.527],"ix":2},"r":{"a":0,"k":0,"ix":6},"sa":{"a":0,"k":0,"ix":5},"o":{"a":0,"k":100,"ix":7}}]}],"ind":4},{"ty":4,"nm":"形状图层 10","sr":1,"st":0,"op":100,"ip":0,"hd":false,"ddd":0,"bm":0,"hasMask":false,"ao":0,"ks":{"a":{"a":0,"k":[-75.5,3.25,0],"ix":1},"s":{"a":0,"k":[100,100,100],"ix":6},"sk":{"a":0,"k":0},"p":{"a":0,"k":[130.375,76.723,0],"ix":2},"r":{"a":0,"k":0,"ix":10},"sa":{"a":0,"k":0},"o":{"a":0,"k":100,"ix":11}},"ef":[],"shapes":[{"ty":"gr","bm":0,"hd":false,"mn":"ADBE Vector Group","nm":"矩形 1","ix":1,"cix":2,"np":3,"it":[{"ty":"sh","bm":0,"hd":false,"mn":"ADBE Vector Shape - Group","nm":"路径 1","ix":1,"d":1,"ks":{"a":1,"k":[{"o":{"x":0.167,"y":0.167},"i":{"x":0.833,"y":0.833},"s":[{"c":true,"i":[[0,-1.657],[0,0],[1.657,0],[0,1.657],[0,0],[-1.657,0]],"o":[[0,0],[0,1.657],[-1.657,0],[0,0],[0,-1.657],[1.657,0]],"v":[[2.875,-31.75],[2.875,32.5],[-0.125,35.5],[-3.125,32.5],[-3.125,-31.75],[-0.125,-34.75]]}],"t":0},{"o":{"x":0.167,"y":0.167},"i":{"x":0.833,"y":0.833},"s":[{"c":true,"i":[[0,-1.657],[0,0],[1.657,0],[0,1.657],[0,0],[-1.657,0]],"o":[[0,0],[0,1.657],[-1.657,0],[0,0],[0,-1.657],[1.657,0]],"v":[[3,-2],[3,7.25],[0,10.25],[-3,7.25],[-3,-2],[0,-5]]}],"t":6},{"o":{"x":0.167,"y":0.167},"i":{"x":0.833,"y":0.833},"s":[{"c":true,"i":[[0,-1.657],[0,0],[1.657,0],[0,1.657],[0,0],[-1.657,0]],"o":[[0,0],[0,1.657],[-1.657,0],[0,0],[0,-1.657],[1.657,0]],"v":[[2.875,-29],[2.875,27.75],[-0.125,30.75],[-3.125,27.75],[-3.125,-29],[-0.125,-32]]}],"t":12},{"o":{"x":0.167,"y":0.167},"i":{"x":0.833,"y":0.833},"s":[{"c":true,"i":[[0,-1.657],[0,0],[1.657,0],[0,1.657],[0,0],[-1.657,0]],"o":[[0,0],[0,1.657],[-1.657,0],[0,0],[0,-1.657],[1.657,0]],"v":[[2.875,-8.25],[2.875,14.75],[-0.125,17.75],[-3.125,14.75],[-3.125,-8.25],[-0.125,-11.25]]}],"t":18},{"o":{"x":0.167,"y":0.167},"i":{"x":0.833,"y":0.833},"s":[{"c":true,"i":[[0,-1.657],[0,0],[1.657,0],[0,1.657],[0,0],[-1.657,0]],"o":[[0,0],[0,1.657],[-1.657,0],[0,0],[0,-1.657],[1.657,0]],"v":[[2.875,-31],[2.875,34.25],[-0.125,37.25],[-3.125,34.25],[-3.125,-31],[-0.125,-34]]}],"t":24},{"o":{"x":0.167,"y":0.167},"i":{"x":0.833,"y":0.833},"s":[{"c":true,"i":[[0,-1.657],[0,0],[1.657,0],[0,1.657],[0,0],[-1.657,0]],"o":[[0,0],[0,1.657],[-1.657,0],[0,0],[0,-1.657],[1.657,0]],"v":[[3,-17],[3,17],[0,20],[-3,17],[-3,-17],[0,-20]]}],"t":30},{"s":[{"c":true,"i":[[0,-1.657],[0,0],[1.657,0],[0,1.657],[0,0],[-1.657,0]],"o":[[0,0],[0,1.657],[-1.657,0],[0,0],[0,-1.657],[1.657,0]],"v":[[3,-2],[3,7.25],[0,10.25],[-3,7.25],[-3,-2],[0,-5]]}],"t":36}],"ix":2}},{"ty":"fl","bm":0,"hd":false,"mn":"ADBE Vector Graphic - Fill","nm":"填充 1","c":{"a":0,"k":[0.5137,0.2745,0.2549],"ix":4},"r":1,"o":{"a":0,"k":100,"ix":5}},{"ty":"tr","a":{"a":0,"k":[0,0],"ix":1},"s":{"a":0,"k":[100,100],"ix":3},"sk":{"a":0,"k":0,"ix":4},"p":{"a":0,"k":[-74.942,1.527],"ix":2},"r":{"a":0,"k":0,"ix":6},"sa":{"a":0,"k":0,"ix":5},"o":{"a":0,"k":100,"ix":7}}]}],"ind":5},{"ty":4,"nm":"形状图层 9","sr":1,"st":0,"op":100,"ip":0,"hd":false,"ddd":0,"bm":0,"hasMask":false,"ao":0,"ks":{"a":{"a":0,"k":[-75.5,3.25,0],"ix":1},"s":{"a":0,"k":[100,100,100],"ix":6},"sk":{"a":0,"k":0},"p":{"a":0,"k":[118.37500000000001,76.723,0],"ix":2},"r":{"a":0,"k":0,"ix":10},"sa":{"a":0,"k":0},"o":{"a":0,"k":100,"ix":11}},"ef":[],"shapes":[{"ty":"gr","bm":0,"hd":false,"mn":"ADBE Vector Group","nm":"矩形 1","ix":1,"cix":2,"np":3,"it":[{"ty":"sh","bm":0,"hd":false,"mn":"ADBE Vector Shape - Group","nm":"路径 1","ix":1,"d":1,"ks":{"a":1,"k":[{"o":{"x":0.167,"y":0.167},"i":{"x":0.833,"y":0.833},"s":[{"c":true,"i":[[0,-1.657],[0,0],[1.657,0],[0,1.657],[0,0],[-1.657,0]],"o":[[0,0],[0,1.657],[-1.657,0],[0,0],[0,-1.657],[1.657,0]],"v":[[3,-17],[3,17],[0,20],[-3,17],[-3,-17],[0,-20]]}],"t":0},{"o":{"x":0.167,"y":0.167},"i":{"x":0.833,"y":0.833},"s":[{"c":true,"i":[[0,-1.657],[0,0],[1.657,0],[0,1.657],[0,0],[-1.657,0]],"o":[[0,0],[0,1.657],[-1.657,0],[0,0],[0,-1.657],[1.657,0]],"v":[[3,-2],[3,7.25],[0,10.25],[-3,7.25],[-3,-2],[0,-5]]}],"t":6},{"o":{"x":0.167,"y":0.167},"i":{"x":0.833,"y":0.833},"s":[{"c":true,"i":[[0,-1.657],[0,0],[1.657,0],[0,1.657],[0,0],[-1.657,0]],"o":[[0,0],[0,1.657],[-1.657,0],[0,0],[0,-1.657],[1.657,0]],"v":[[3,-17],[3,17],[0,20],[-3,17],[-3,-17],[0,-20]]}],"t":12},{"o":{"x":0.167,"y":0.167},"i":{"x":0.833,"y":0.833},"s":[{"c":true,"i":[[0,-1.657],[0,0],[1.657,0],[0,1.657],[0,0],[-1.657,0]],"o":[[0,0],[0,1.657],[-1.657,0],[0,0],[0,-1.657],[1.657,0]],"v":[[3,-34.25],[3,30],[0,33],[-3,30],[-3,-34.25],[0,-37.25]]}],"t":18},{"o":{"x":0.167,"y":0.167},"i":{"x":0.833,"y":0.833},"s":[{"c":true,"i":[[0,-1.657],[0,0],[1.657,0],[0,1.657],[0,0],[-1.657,0]],"o":[[0,0],[0,1.657],[-1.657,0],[0,0],[0,-1.657],[1.657,0]],"v":[[3,-17],[3,17],[0,20],[-3,17],[-3,-17],[0,-20]]}],"t":24},{"o":{"x":0.167,"y":0.167},"i":{"x":0.833,"y":0.833},"s":[{"c":true,"i":[[0,-1.657],[0,0],[1.657,0],[0,1.657],[0,0],[-1.657,0]],"o":[[0,0],[0,1.657],[-1.657,0],[0,0],[0,-1.657],[1.657,0]],"v":[[3,-2],[3,7.25],[0,10.25],[-3,7.25],[-3,-2],[0,-5]]}],"t":30},{"s":[{"c":true,"i":[[0,-1.657],[0,0],[1.657,0],[0,1.657],[0,0],[-1.657,0]],"o":[[0,0],[0,1.657],[-1.657,0],[0,0],[0,-1.657],[1.657,0]],"v":[[3,-17],[3,17],[0,20],[-3,17],[-3,-17],[0,-20]]}],"t":36}],"ix":2}},{"ty":"fl","bm":0,"hd":false,"mn":"ADBE Vector Graphic - Fill","nm":"填充 1","c":{"a":0,"k":[0.5137,0.2745,0.2549],"ix":4},"r":1,"o":{"a":0,"k":100,"ix":5}},{"ty":"tr","a":{"a":0,"k":[0,0],"ix":1},"s":{"a":0,"k":[100,100],"ix":3},"sk":{"a":0,"k":0,"ix":4},"p":{"a":0,"k":[-74.942,1.527],"ix":2},"r":{"a":0,"k":0,"ix":6},"sa":{"a":0,"k":0,"ix":5},"o":{"a":0,"k":100,"ix":7}}]}],"ind":6},{"ty":4,"nm":"形状图层 5","sr":1,"st":0,"op":100,"ip":0,"hd":false,"ddd":0,"bm":0,"hasMask":false,"ao":0,"ks":{"a":{"a":0,"k":[-75.5,3.25,0],"ix":1},"s":{"a":0,"k":[100,100,100],"ix":6},"sk":{"a":0,"k":0},"p":{"a":0,"k":[70.25,76.723,0],"ix":2},"r":{"a":0,"k":0,"ix":10},"sa":{"a":0,"k":0},"o":{"a":0,"k":100,"ix":11}},"ef":[],"shapes":[{"ty":"gr","bm":0,"hd":false,"mn":"ADBE Vector Group","nm":"矩形 1","ix":1,"cix":2,"np":3,"it":[{"ty":"sh","bm":0,"hd":false,"mn":"ADBE Vector Shape - Group","nm":"路径 1","ix":1,"d":1,"ks":{"a":1,"k":[{"o":{"x":0.167,"y":0.167},"i":{"x":0.833,"y":0.833},"s":[{"c":true,"i":[[0,-1.657],[0,0],[1.657,0],[0,1.657],[0,0],[-1.657,0]],"o":[[0,0],[0,1.657],[-1.657,0],[0,0],[0,-1.657],[1.657,0]],"v":[[3,-17],[3,17],[0,20],[-3,17],[-3,-17],[0,-20]]}],"t":0},{"o":{"x":0.167,"y":0.167},"i":{"x":0.833,"y":0.833},"s":[{"c":true,"i":[[0,-1.657],[0,0],[1.657,0],[0,1.657],[0,0],[-1.657,0]],"o":[[0,0],[0,1.657],[-1.657,0],[0,0],[0,-1.657],[1.657,0]],"v":[[3,-2],[3,7.25],[0,10.25],[-3,7.25],[-3,-2],[0,-5]]}],"t":6},{"o":{"x":0.167,"y":0.167},"i":{"x":0.833,"y":0.833},"s":[{"c":true,"i":[[0,-1.657],[0,0],[1.657,0],[0,1.657],[0,0],[-1.657,0]],"o":[[0,0],[0,1.657],[-1.657,0],[0,0],[0,-1.657],[1.657,0]],"v":[[3,-17],[3,17],[0,20],[-3,17],[-3,-17],[0,-20]]}],"t":12},{"o":{"x":0.167,"y":0.167},"i":{"x":0.833,"y":0.833},"s":[{"c":true,"i":[[0,-1.657],[0,0],[1.657,0],[0,1.657],[0,0],[-1.657,0]],"o":[[0,0],[0,1.657],[-1.657,0],[0,0],[0,-1.657],[1.657,0]],"v":[[3,-12.5],[3,7.25],[0,10.25],[-3,7.25],[-3,-12.5],[0,-15.5]]}],"t":18},{"o":{"x":0.167,"y":0.167},"i":{"x":0.833,"y":0.833},"s":[{"c":true,"i":[[0,-1.657],[0,0],[1.657,0],[0,1.657],[0,0],[-1.657,0]],"o":[[0,0],[0,1.657],[-1.657,0],[0,0],[0,-1.657],[1.657,0]],"v":[[3,-3.5],[3,7.25],[0,10.25],[-3,7.25],[-3,-3.5],[0,-6.5]]}],"t":24},{"o":{"x":0.167,"y":0.167},"i":{"x":0.833,"y":0.833},"s":[{"c":true,"i":[[0,-1.657],[0,0],[1.657,0],[0,1.657],[0,0],[-1.657,0]],"o":[[0,0],[0,1.657],[-1.657,0],[0,0],[0,-1.657],[1.657,0]],"v":[[3,-2],[3,7.25],[0,10.25],[-3,7.25],[-3,-2],[0,-5]]}],"t":30},{"s":[{"c":true,"i":[[0,-1.657],[0,0],[1.657,0],[0,1.657],[0,0],[-1.657,0]],"o":[[0,0],[0,1.657],[-1.657,0],[0,0],[0,-1.657],[1.657,0]],"v":[[3,-17],[3,17],[0,20],[-3,17],[-3,-17],[0,-20]]}],"t":36}],"ix":2}},{"ty":"fl","bm":0,"hd":false,"mn":"ADBE Vector Graphic - Fill","nm":"填充 1","c":{"a":0,"k":[0.5137,0.2745,0.2549],"ix":4},"r":1,"o":{"a":0,"k":100,"ix":5}},{"ty":"tr","a":{"a":0,"k":[0,0],"ix":1},"s":{"a":0,"k":[100,100],"ix":3},"sk":{"a":0,"k":0,"ix":4},"p":{"a":0,"k":[-74.942,1.527],"ix":2},"r":{"a":0,"k":0,"ix":6},"sa":{"a":0,"k":0,"ix":5},"o":{"a":0,"k":100,"ix":7}}]}],"ind":7},{"ty":4,"nm":"形状图层 17","sr":1,"st":0,"op":100,"ip":0,"hd":false,"ddd":0,"bm":0,"hasMask":false,"ao":0,"ks":{"a":{"a":0,"k":[-75.5,3.25,0],"ix":1},"s":{"a":0,"k":[100,100,100],"ix":6},"sk":{"a":0,"k":0},"p":{"a":0,"k":[106.25,76.723,0],"ix":2},"r":{"a":0,"k":0,"ix":10},"sa":{"a":0,"k":0},"o":{"a":0,"k":100,"ix":11}},"ef":[],"shapes":[{"ty":"gr","bm":0,"hd":false,"mn":"ADBE Vector Group","nm":"矩形 1","ix":1,"cix":2,"np":3,"it":[{"ty":"sh","bm":0,"hd":false,"mn":"ADBE Vector Shape - Group","nm":"路径 1","ix":1,"d":1,"ks":{"a":1,"k":[{"o":{"x":0.167,"y":0.167},"i":{"x":0.833,"y":0.833},"s":[{"c":true,"i":[[0,-1.657],[0,0],[1.657,0],[0,1.657],[0,0],[-1.657,0]],"o":[[0,0],[0,1.657],[-1.657,0],[0,0],[0,-1.657],[1.657,0]],"v":[[3,-7.25],[3,11.5],[0,14.5],[-3,11.5],[-3,-7.25],[0,-10.25]]}],"t":0},{"o":{"x":0.167,"y":0.167},"i":{"x":0.833,"y":0.833},"s":[{"c":true,"i":[[0,-1.657],[0,0],[1.657,0],[0,1.657],[0,0],[-1.657,0]],"o":[[0,0],[0,1.657],[-1.657,0],[0,0],[0,-1.657],[1.657,0]],"v":[[3,-17],[3,17],[0,20],[-3,17],[-3,-17],[0,-20]]}],"t":6},{"o":{"x":0.167,"y":0.167},"i":{"x":0.833,"y":0.833},"s":[{"c":true,"i":[[0,-1.657],[0,0],[1.657,0],[0,1.657],[0,0],[-1.657,0]],"o":[[0,0],[0,1.657],[-1.657,0],[0,0],[0,-1.657],[1.657,0]],"v":[[3,-2],[3,7.25],[0,10.25],[-3,7.25],[-3,-2],[0,-5]]}],"t":12},{"o":{"x":0.167,"y":0.167},"i":{"x":0.833,"y":0.833},"s":[{"c":true,"i":[[0,-1.657],[0,0],[1.657,0],[0,1.657],[0,0],[-1.657,0]],"o":[[0,0],[0,1.657],[-1.657,0],[0,0],[0,-1.657],[1.657,0]],"v":[[3,-24.75],[3,21],[0,24],[-3,21],[-3,-24.75],[0,-27.75]]}],"t":18},{"o":{"x":0.167,"y":0.167},"i":{"x":0.833,"y":0.833},"s":[{"c":true,"i":[[0,-1.657],[0,0],[1.657,0],[0,1.657],[0,0],[-1.657,0]],"o":[[0,0],[0,1.657],[-1.657,0],[0,0],[0,-1.657],[1.657,0]],"v":[[3,-17],[3,17],[0,20],[-3,17],[-3,-17],[0,-20]]}],"t":24},{"o":{"x":0.167,"y":0.167},"i":{"x":0.833,"y":0.833},"s":[{"c":true,"i":[[0,-1.657],[0,0],[1.657,0],[0,1.657],[0,0],[-1.657,0]],"o":[[0,0],[0,1.657],[-1.657,0],[0,0],[0,-1.657],[1.657,0]],"v":[[3,-25.25],[3,26],[0,29],[-3,26],[-3,-25.25],[0,-28.25]]}],"t":30},{"s":[{"c":true,"i":[[0,-1.657],[0,0],[1.657,0],[0,1.657],[0,0],[-1.657,0]],"o":[[0,0],[0,1.657],[-1.657,0],[0,0],[0,-1.657],[1.657,0]],"v":[[3,-2],[3,7.25],[0,10.25],[-3,7.25],[-3,-2],[0,-5]]}],"t":36}],"ix":2}},{"ty":"fl","bm":0,"hd":false,"mn":"ADBE Vector Graphic - Fill","nm":"填充 1","c":{"a":0,"k":[0.5137,0.2745,0.2549],"ix":4},"r":1,"o":{"a":0,"k":100,"ix":5}},{"ty":"tr","a":{"a":0,"k":[0,0],"ix":1},"s":{"a":0,"k":[100,100],"ix":3},"sk":{"a":0,"k":0,"ix":4},"p":{"a":0,"k":[-74.942,1.527],"ix":2},"r":{"a":0,"k":0,"ix":6},"sa":{"a":0,"k":0,"ix":5},"o":{"a":0,"k":100,"ix":7}}]}],"ind":8},{"ty":4,"nm":"形状图层 4","sr":1,"st":0,"op":100,"ip":0,"hd":false,"ddd":0,"bm":0,"hasMask":false,"ao":0,"ks":{"a":{"a":0,"k":[-75.5,3.25,0],"ix":1},"s":{"a":0,"k":[100,100,100],"ix":6},"sk":{"a":0,"k":0},"p":{"a":0,"k":[58.25,76.723,0],"ix":2},"r":{"a":0,"k":0,"ix":10},"sa":{"a":0,"k":0},"o":{"a":0,"k":100,"ix":11}},"ef":[],"shapes":[{"ty":"gr","bm":0,"hd":false,"mn":"ADBE Vector Group","nm":"矩形 1","ix":1,"cix":2,"np":3,"it":[{"ty":"sh","bm":0,"hd":false,"mn":"ADBE Vector Shape - Group","nm":"路径 1","ix":1,"d":1,"ks":{"a":1,"k":[{"o":{"x":0.167,"y":0.167},"i":{"x":0.833,"y":0.833},"s":[{"c":true,"i":[[0,-1.657],[0,0],[1.657,0],[0,1.657],[0,0],[-1.657,0]],"o":[[0,0],[0,1.657],[-1.657,0],[0,0],[0,-1.657],[1.657,0]],"v":[[3,-7.25],[3,11.5],[0,14.5],[-3,11.5],[-3,-7.25],[0,-10.25]]}],"t":0},{"o":{"x":0.167,"y":0.167},"i":{"x":0.833,"y":0.833},"s":[{"c":true,"i":[[0,-1.657],[0,0],[1.657,0],[0,1.657],[0,0],[-1.657,0]],"o":[[0,0],[0,1.657],[-1.657,0],[0,0],[0,-1.657],[1.657,0]],"v":[[3,-17],[3,17],[0,20],[-3,17],[-3,-17],[0,-20]]}],"t":6},{"o":{"x":0.167,"y":0.167},"i":{"x":0.833,"y":0.833},"s":[{"c":true,"i":[[0,-1.657],[0,0],[1.657,0],[0,1.657],[0,0],[-1.657,0]],"o":[[0,0],[0,1.657],[-1.657,0],[0,0],[0,-1.657],[1.657,0]],"v":[[3,-2],[3,7.25],[0,10.25],[-3,7.25],[-3,-2],[0,-5]]}],"t":12},{"o":{"x":0.167,"y":0.167},"i":{"x":0.833,"y":0.833},"s":[{"c":true,"i":[[0,-1.657],[0,0],[1.657,0],[0,1.657],[0,0],[-1.657,0]],"o":[[0,0],[0,1.657],[-1.657,0],[0,0],[0,-1.657],[1.657,0]],"v":[[3,-24.75],[3,21],[0,24],[-3,21],[-3,-24.75],[0,-27.75]]}],"t":18},{"o":{"x":0.167,"y":0.167},"i":{"x":0.833,"y":0.833},"s":[{"c":true,"i":[[0,-1.657],[0,0],[1.657,0],[0,1.657],[0,0],[-1.657,0]],"o":[[0,0],[0,1.657],[-1.657,0],[0,0],[0,-1.657],[1.657,0]],"v":[[3,-31],[3,31.25],[0,34.25],[-3,31.25],[-3,-31],[0,-34]]}],"t":24},{"o":{"x":0.167,"y":0.167},"i":{"x":0.833,"y":0.833},"s":[{"c":true,"i":[[0,-1.657],[0,0],[1.657,0],[0,1.657],[0,0],[-1.657,0]],"o":[[0,0],[0,1.657],[-1.657,0],[0,0],[0,-1.657],[1.657,0]],"v":[[3,-25.25],[3,26],[0,29],[-3,26],[-3,-25.25],[0,-28.25]]}],"t":30},{"s":[{"c":true,"i":[[0,-1.657],[0,0],[1.657,0],[0,1.657],[0,0],[-1.657,0]],"o":[[0,0],[0,1.657],[-1.657,0],[0,0],[0,-1.657],[1.657,0]],"v":[[3,-2],[3,7.25],[0,10.25],[-3,7.25],[-3,-2],[0,-5]]}],"t":36}],"ix":2}},{"ty":"fl","bm":0,"hd":false,"mn":"ADBE Vector Graphic - Fill","nm":"填充 1","c":{"a":0,"k":[0.5137,0.2745,0.2549],"ix":4},"r":1,"o":{"a":0,"k":100,"ix":5}},{"ty":"tr","a":{"a":0,"k":[0,0],"ix":1},"s":{"a":0,"k":[100,100],"ix":3},"sk":{"a":0,"k":0,"ix":4},"p":{"a":0,"k":[-74.942,1.527],"ix":2},"r":{"a":0,"k":0,"ix":6},"sa":{"a":0,"k":0,"ix":5},"o":{"a":0,"k":100,"ix":7}}]}],"ind":9},{"ty":4,"nm":"形状图层 16","sr":1,"st":0,"op":100,"ip":0,"hd":false,"ddd":0,"bm":0,"hasMask":false,"ao":0,"ks":{"a":{"a":0,"k":[-75.5,3.25,0],"ix":1},"s":{"a":0,"k":[100,100,100],"ix":6},"sk":{"a":0,"k":0},"p":{"a":0,"k":[94.375,76.723,0],"ix":2},"r":{"a":0,"k":0,"ix":10},"sa":{"a":0,"k":0},"o":{"a":0,"k":100,"ix":11}},"ef":[],"shapes":[{"ty":"gr","bm":0,"hd":false,"mn":"ADBE Vector Group","nm":"矩形 1","ix":1,"cix":2,"np":3,"it":[{"ty":"sh","bm":0,"hd":false,"mn":"ADBE Vector Shape - Group","nm":"路径 1","ix":1,"d":1,"ks":{"a":1,"k":[{"o":{"x":0.167,"y":0.167},"i":{"x":0.833,"y":0.833},"s":[{"c":true,"i":[[0,-1.657],[0,0],[1.657,0],[0,1.657],[0,0],[-1.657,0]],"o":[[0,0],[0,1.657],[-1.657,0],[0,0],[0,-1.657],[1.657,0]],"v":[[2.875,-24.5],[2.875,26],[-0.125,29],[-3.125,26],[-3.125,-24.5],[-0.125,-27.5]]}],"t":0},{"o":{"x":0.167,"y":0.167},"i":{"x":0.833,"y":0.833},"s":[{"c":true,"i":[[0,-1.657],[0,0],[1.657,0],[0,1.657],[0,0],[-1.657,0]],"o":[[0,0],[0,1.657],[-1.657,0],[0,0],[0,-1.657],[1.657,0]],"v":[[3,-34.25],[3,30],[0,33],[-3,30],[-3,-34.25],[0,-37.25]]}],"t":6},{"o":{"x":0.167,"y":0.167},"i":{"x":0.833,"y":0.833},"s":[{"c":true,"i":[[0,-1.657],[0,0],[1.657,0],[0,1.657],[0,0],[-1.657,0]],"o":[[0,0],[0,1.657],[-1.657,0],[0,0],[0,-1.657],[1.657,0]],"v":[[3,-17],[3,17],[0,20],[-3,17],[-3,-17],[0,-20]]}],"t":12},{"o":{"x":0.167,"y":0.167},"i":{"x":0.833,"y":0.833},"s":[{"c":true,"i":[[0,-1.657],[0,0],[1.657,0],[0,1.657],[0,0],[-1.657,0]],"o":[[0,0],[0,1.657],[-1.657,0],[0,0],[0,-1.657],[1.657,0]],"v":[[3,-2],[3,7.25],[0,10.25],[-3,7.25],[-3,-2],[0,-5]]}],"t":18},{"o":{"x":0.167,"y":0.167},"i":{"x":0.833,"y":0.833},"s":[{"c":true,"i":[[0,-1.657],[0,0],[1.657,0],[0,1.657],[0,0],[-1.657,0]],"o":[[0,0],[0,1.657],[-1.657,0],[0,0],[0,-1.657],[1.657,0]],"v":[[2.875,-2.75],[2.875,5],[-0.125,8],[-3.125,5],[-3.125,-2.75],[-0.125,-5.75]]}],"t":24},{"o":{"x":0.167,"y":0.167},"i":{"x":0.833,"y":0.833},"s":[{"c":true,"i":[[0,-1.657],[0,0],[1.657,0],[0,1.657],[0,0],[-1.657,0]],"o":[[0,0],[0,1.657],[-1.657,0],[0,0],[0,-1.657],[1.657,0]],"v":[[3,-2],[3,7.25],[0,10.25],[-3,7.25],[-3,-2],[0,-5]]}],"t":30},{"s":[{"c":true,"i":[[0,-1.657],[0,0],[1.657,0],[0,1.657],[0,0],[-1.657,0]],"o":[[0,0],[0,1.657],[-1.657,0],[0,0],[0,-1.657],[1.657,0]],"v":[[2.875,-33.25],[2.875,29],[-0.125,32],[-3.125,29],[-3.125,-33.25],[-0.125,-36.25]]}],"t":36}],"ix":2}},{"ty":"fl","bm":0,"hd":false,"mn":"ADBE Vector Graphic - Fill","nm":"填充 1","c":{"a":0,"k":[0.5137,0.2745,0.2549],"ix":4},"r":1,"o":{"a":0,"k":100,"ix":5}},{"ty":"tr","a":{"a":0,"k":[0,0],"ix":1},"s":{"a":0,"k":[100,100],"ix":3},"sk":{"a":0,"k":0,"ix":4},"p":{"a":0,"k":[-74.942,1.527],"ix":2},"r":{"a":0,"k":0,"ix":6},"sa":{"a":0,"k":0,"ix":5},"o":{"a":0,"k":100,"ix":7}}]}],"ind":10},{"ty":4,"nm":"形状图层 3","sr":1,"st":0,"op":100,"ip":0,"hd":false,"ddd":0,"bm":0,"hasMask":false,"ao":0,"ks":{"a":{"a":0,"k":[-75.5,3.25,0],"ix":1},"s":{"a":0,"k":[100,100,100],"ix":6},"sk":{"a":0,"k":0},"p":{"a":0,"k":[46.375,76.723,0],"ix":2},"r":{"a":0,"k":0,"ix":10},"sa":{"a":0,"k":0},"o":{"a":0,"k":100,"ix":11}},"ef":[],"shapes":[{"ty":"gr","bm":0,"hd":false,"mn":"ADBE Vector Group","nm":"矩形 1","ix":1,"cix":2,"np":3,"it":[{"ty":"sh","bm":0,"hd":false,"mn":"ADBE Vector Shape - Group","nm":"路径 1","ix":1,"d":1,"ks":{"a":1,"k":[{"o":{"x":0.167,"y":0.167},"i":{"x":0.833,"y":0.833},"s":[{"c":true,"i":[[0,-1.657],[0,0],[1.657,0],[0,1.657],[0,0],[-1.657,0]],"o":[[0,0],[0,1.657],[-1.657,0],[0,0],[0,-1.657],[1.657,0]],"v":[[2.875,-24],[2.875,20.25],[-0.125,23.25],[-3.125,20.25],[-3.125,-24],[-0.125,-27]]}],"t":0},{"o":{"x":0.167,"y":0.167},"i":{"x":0.833,"y":0.833},"s":[{"c":true,"i":[[0,-1.657],[0,0],[1.657,0],[0,1.657],[0,0],[-1.657,0]],"o":[[0,0],[0,1.657],[-1.657,0],[0,0],[0,-1.657],[1.657,0]],"v":[[3,-34.25],[3,30],[0,33],[-3,30],[-3,-34.25],[0,-37.25]]}],"t":6},{"o":{"x":0.167,"y":0.167},"i":{"x":0.833,"y":0.833},"s":[{"c":true,"i":[[0,-1.657],[0,0],[1.657,0],[0,1.657],[0,0],[-1.657,0]],"o":[[0,0],[0,1.657],[-1.657,0],[0,0],[0,-1.657],[1.657,0]],"v":[[3,-17],[3,17],[0,20],[-3,17],[-3,-17],[0,-20]]}],"t":12},{"o":{"x":0.167,"y":0.167},"i":{"x":0.833,"y":0.833},"s":[{"c":true,"i":[[0,-1.657],[0,0],[1.657,0],[0,1.657],[0,0],[-1.657,0]],"o":[[0,0],[0,1.657],[-1.657,0],[0,0],[0,-1.657],[1.657,0]],"v":[[3,-2],[3,7.25],[0,10.25],[-3,7.25],[-3,-2],[0,-5]]}],"t":18},{"o":{"x":0.167,"y":0.167},"i":{"x":0.833,"y":0.833},"s":[{"c":true,"i":[[0,-1.657],[0,0],[1.657,0],[0,1.657],[0,0],[-1.657,0]],"o":[[0,0],[0,1.657],[-1.657,0],[0,0],[0,-1.657],[1.657,0]],"v":[[2.875,-4.5],[2.875,6.75],[-0.125,9.75],[-3.125,6.75],[-3.125,-4.5],[-0.125,-7.5]]}],"t":24},{"o":{"x":0.167,"y":0.167},"i":{"x":0.833,"y":0.833},"s":[{"c":true,"i":[[0,-1.657],[0,0],[1.657,0],[0,1.657],[0,0],[-1.657,0]],"o":[[0,0],[0,1.657],[-1.657,0],[0,0],[0,-1.657],[1.657,0]],"v":[[3,-2],[3,7.25],[0,10.25],[-3,7.25],[-3,-2],[0,-5]]}],"t":30},{"s":[{"c":true,"i":[[0,-1.657],[0,0],[1.657,0],[0,1.657],[0,0],[-1.657,0]],"o":[[0,0],[0,1.657],[-1.657,0],[0,0],[0,-1.657],[1.657,0]],"v":[[3,-17],[3,17],[0,20],[-3,17],[-3,-17],[0,-20]]}],"t":36}],"ix":2}},{"ty":"fl","bm":0,"hd":false,"mn":"ADBE Vector Graphic - Fill","nm":"填充 1","c":{"a":0,"k":[0.5137,0.2745,0.2549],"ix":4},"r":1,"o":{"a":0,"k":100,"ix":5}},{"ty":"tr","a":{"a":0,"k":[0,0],"ix":1},"s":{"a":0,"k":[100,100],"ix":3},"sk":{"a":0,"k":0,"ix":4},"p":{"a":0,"k":[-74.942,1.527],"ix":2},"r":{"a":0,"k":0,"ix":6},"sa":{"a":0,"k":0,"ix":5},"o":{"a":0,"k":100,"ix":7}}]}],"ind":11},{"ty":4,"nm":"形状图层 15","sr":1,"st":0,"op":100,"ip":0,"hd":false,"ddd":0,"bm":0,"hasMask":false,"ao":0,"ks":{"a":{"a":0,"k":[-75.5,3.25,0],"ix":1},"s":{"a":0,"k":[100,100,100],"ix":6},"sk":{"a":0,"k":0},"p":{"a":0,"k":[82.375,76.723,0],"ix":2},"r":{"a":0,"k":0,"ix":10},"sa":{"a":0,"k":0},"o":{"a":0,"k":100,"ix":11}},"ef":[],"shapes":[{"ty":"gr","bm":0,"hd":false,"mn":"ADBE Vector Group","nm":"矩形 1","ix":1,"cix":2,"np":3,"it":[{"ty":"sh","bm":0,"hd":false,"mn":"ADBE Vector Shape - Group","nm":"路径 1","ix":1,"d":1,"ks":{"a":1,"k":[{"o":{"x":0.167,"y":0.167},"i":{"x":0.833,"y":0.833},"s":[{"c":true,"i":[[0,-1.657],[0,0],[1.657,0],[0,1.657],[0,0],[-1.657,0]],"o":[[0,0],[0,1.657],[-1.657,0],[0,0],[0,-1.657],[1.657,0]],"v":[[2.875,-8.5],[2.875,12.25],[-0.125,15.25],[-3.125,12.25],[-3.125,-8.5],[-0.125,-11.5]]}],"t":0},{"o":{"x":0.167,"y":0.167},"i":{"x":0.833,"y":0.833},"s":[{"c":true,"i":[[0,-1.657],[0,0],[1.657,0],[0,1.657],[0,0],[-1.657,0]],"o":[[0,0],[0,1.657],[-1.657,0],[0,0],[0,-1.657],[1.657,0]],"v":[[3,-2],[3,7.25],[0,10.25],[-3,7.25],[-3,-2],[0,-5]]}],"t":6},{"o":{"x":0.167,"y":0.167},"i":{"x":0.833,"y":0.833},"s":[{"c":true,"i":[[0,-1.657],[0,0],[1.657,0],[0,1.657],[0,0],[-1.657,0]],"o":[[0,0],[0,1.657],[-1.657,0],[0,0],[0,-1.657],[1.657,0]],"v":[[2.875,-4.5],[2.875,11.75],[-0.125,14.75],[-3.125,11.75],[-3.125,-4.5],[-0.125,-7.5]]}],"t":12},{"o":{"x":0.167,"y":0.167},"i":{"x":0.833,"y":0.833},"s":[{"c":true,"i":[[0,-1.657],[0,0],[1.657,0],[0,1.657],[0,0],[-1.657,0]],"o":[[0,0],[0,1.657],[-1.657,0],[0,0],[0,-1.657],[1.657,0]],"v":[[3,-34.25],[3,30],[0,33],[-3,30],[-3,-34.25],[0,-37.25]]}],"t":18},{"o":{"x":0.167,"y":0.167},"i":{"x":0.833,"y":0.833},"s":[{"c":true,"i":[[0,-1.657],[0,0],[1.657,0],[0,1.657],[0,0],[-1.657,0]],"o":[[0,0],[0,1.657],[-1.657,0],[0,0],[0,-1.657],[1.657,0]],"v":[[3,-17],[3,17],[0,20],[-3,17],[-3,-17],[0,-20]]}],"t":24},{"o":{"x":0.167,"y":0.167},"i":{"x":0.833,"y":0.833},"s":[{"c":true,"i":[[0,-1.657],[0,0],[1.657,0],[0,1.657],[0,0],[-1.657,0]],"o":[[0,0],[0,1.657],[-1.657,0],[0,0],[0,-1.657],[1.657,0]],"v":[[3,-17],[3,17],[0,20],[-3,17],[-3,-17],[0,-20]]}],"t":30},{"s":[{"c":true,"i":[[0,-1.657],[0,0],[1.657,0],[0,1.657],[0,0],[-1.657,0]],"o":[[0,0],[0,1.657],[-1.657,0],[0,0],[0,-1.657],[1.657,0]],"v":[[3,-2],[3,7.25],[0,10.25],[-3,7.25],[-3,-2],[0,-5]]}],"t":36}],"ix":2}},{"ty":"fl","bm":0,"hd":false,"mn":"ADBE Vector Graphic - Fill","nm":"填充 1","c":{"a":0,"k":[0.5137,0.2745,0.2549],"ix":4},"r":1,"o":{"a":0,"k":100,"ix":5}},{"ty":"tr","a":{"a":0,"k":[0,0],"ix":1},"s":{"a":0,"k":[100,100],"ix":3},"sk":{"a":0,"k":0,"ix":4},"p":{"a":0,"k":[-74.942,1.527],"ix":2},"r":{"a":0,"k":0,"ix":6},"sa":{"a":0,"k":0,"ix":5},"o":{"a":0,"k":100,"ix":7}}]}],"ind":12},{"ty":4,"nm":"形状图层 2","sr":1,"st":0,"op":100,"ip":0,"hd":false,"ddd":0,"bm":0,"hasMask":false,"ao":0,"ks":{"a":{"a":0,"k":[-75.5,3.25,0],"ix":1},"s":{"a":0,"k":[100,100,100],"ix":6},"sk":{"a":0,"k":0},"p":{"a":0,"k":[34.375,76.723,0],"ix":2},"r":{"a":0,"k":0,"ix":10},"sa":{"a":0,"k":0},"o":{"a":0,"k":100,"ix":11}},"ef":[],"shapes":[{"ty":"gr","bm":0,"hd":false,"mn":"ADBE Vector Group","nm":"矩形 1","ix":1,"cix":2,"np":3,"it":[{"ty":"sh","bm":0,"hd":false,"mn":"ADBE Vector Shape - Group","nm":"路径 1","ix":1,"d":1,"ks":{"a":1,"k":[{"o":{"x":0.167,"y":0.167},"i":{"x":0.833,"y":0.833},"s":[{"c":true,"i":[[0,-1.657],[0,0],[1.657,0],[0,1.657],[0,0],[-1.657,0]],"o":[[0,0],[0,1.657],[-1.657,0],[0,0],[0,-1.657],[1.657,0]],"v":[[2.875,-8.5],[2.875,12.25],[-0.125,15.25],[-3.125,12.25],[-3.125,-8.5],[-0.125,-11.5]]}],"t":0},{"o":{"x":0.167,"y":0.167},"i":{"x":0.833,"y":0.833},"s":[{"c":true,"i":[[0,-1.657],[0,0],[1.657,0],[0,1.657],[0,0],[-1.657,0]],"o":[[0,0],[0,1.657],[-1.657,0],[0,0],[0,-1.657],[1.657,0]],"v":[[3,-2],[3,7.25],[0,10.25],[-3,7.25],[-3,-2],[0,-5]]}],"t":6},{"o":{"x":0.167,"y":0.167},"i":{"x":0.833,"y":0.833},"s":[{"c":true,"i":[[0,-1.657],[0,0],[1.657,0],[0,1.657],[0,0],[-1.657,0]],"o":[[0,0],[0,1.657],[-1.657,0],[0,0],[0,-1.657],[1.657,0]],"v":[[3,-17],[3,17],[0,20],[-3,17],[-3,-17],[0,-20]]}],"t":12},{"o":{"x":0.167,"y":0.167},"i":{"x":0.833,"y":0.833},"s":[{"c":true,"i":[[0,-1.657],[0,0],[1.657,0],[0,1.657],[0,0],[-1.657,0]],"o":[[0,0],[0,1.657],[-1.657,0],[0,0],[0,-1.657],[1.657,0]],"v":[[3,-34.25],[3,30],[0,33],[-3,30],[-3,-34.25],[0,-37.25]]}],"t":18},{"o":{"x":0.167,"y":0.167},"i":{"x":0.833,"y":0.833},"s":[{"c":true,"i":[[0,-1.657],[0,0],[1.657,0],[0,1.657],[0,0],[-1.657,0]],"o":[[0,0],[0,1.657],[-1.657,0],[0,0],[0,-1.657],[1.657,0]],"v":[[3,-17],[3,17],[0,20],[-3,17],[-3,-17],[0,-20]]}],"t":24},{"o":{"x":0.167,"y":0.167},"i":{"x":0.833,"y":0.833},"s":[{"c":true,"i":[[0,-1.657],[0,0],[1.657,0],[0,1.657],[0,0],[-1.657,0]],"o":[[0,0],[0,1.657],[-1.657,0],[0,0],[0,-1.657],[1.657,0]],"v":[[3,-2],[3,7.25],[0,10.25],[-3,7.25],[-3,-2],[0,-5]]}],"t":30},{"s":[{"c":true,"i":[[0,-1.657],[0,0],[1.657,0],[0,1.657],[0,0],[-1.657,0]],"o":[[0,0],[0,1.657],[-1.657,0],[0,0],[0,-1.657],[1.657,0]],"v":[[2.875,-6],[2.875,12.75],[-0.125,15.75],[-3.125,12.75],[-3.125,-6],[-0.125,-9]]}],"t":36}],"ix":2}},{"ty":"fl","bm":0,"hd":false,"mn":"ADBE Vector Graphic - Fill","nm":"填充 1","c":{"a":0,"k":[0.5137,0.2745,0.2549],"ix":4},"r":1,"o":{"a":0,"k":100,"ix":5}},{"ty":"tr","a":{"a":0,"k":[0,0],"ix":1},"s":{"a":0,"k":[100,100],"ix":3},"sk":{"a":0,"k":0,"ix":4},"p":{"a":0,"k":[-74.942,1.527],"ix":2},"r":{"a":0,"k":0,"ix":6},"sa":{"a":0,"k":0,"ix":5},"o":{"a":0,"k":100,"ix":7}}]}],"ind":13},{"ty":4,"nm":"形状图层 1","sr":1,"st":0,"op":100,"ip":0,"hd":false,"ddd":0,"bm":0,"hasMask":false,"ao":0,"ks":{"a":{"a":0,"k":[-75.5,3.25,0],"ix":1},"s":{"a":0,"k":[100,100,100],"ix":6},"sk":{"a":0,"k":0},"p":{"a":0,"k":[22.25,76.723,0],"ix":2},"r":{"a":0,"k":0,"ix":10},"sa":{"a":0,"k":0},"o":{"a":0,"k":100,"ix":11}},"ef":[],"shapes":[{"ty":"gr","bm":0,"hd":false,"mn":"ADBE Vector Group","nm":"矩形 1","ix":1,"cix":2,"np":3,"it":[{"ty":"sh","bm":0,"hd":false,"mn":"ADBE Vector Shape - Group","nm":"路径 1","ix":1,"d":1,"ks":{"a":1,"k":[{"o":{"x":0.167,"y":0.167},"i":{"x":0.833,"y":0.833},"s":[{"c":true,"i":[[0,-1.657],[0,0],[1.657,0],[0,1.657],[0,0],[-1.657,0]],"o":[[0,0],[0,1.657],[-1.657,0],[0,0],[0,-1.657],[1.657,0]],"v":[[3,-2],[3,7.25],[0,10.25],[-3,7.25],[-3,-2],[0,-5]]}],"t":0},{"o":{"x":0.167,"y":0.167},"i":{"x":0.833,"y":0.833},"s":[{"c":true,"i":[[0,-1.657],[0,0],[1.657,0],[0,1.657],[0,0],[-1.657,0]],"o":[[0,0],[0,1.657],[-1.657,0],[0,0],[0,-1.657],[1.657,0]],"v":[[3,-17],[3,17],[0,20],[-3,17],[-3,-17],[0,-20]]}],"t":6},{"o":{"x":0.167,"y":0.167},"i":{"x":0.833,"y":0.833},"s":[{"c":true,"i":[[0,-1.657],[0,0],[1.657,0],[0,1.657],[0,0],[-1.657,0]],"o":[[0,0],[0,1.657],[-1.657,0],[0,0],[0,-1.657],[1.657,0]],"v":[[3,-34.25],[3,30],[0,33],[-3,30],[-3,-34.25],[0,-37.25]]}],"t":12},{"o":{"x":0.167,"y":0.167},"i":{"x":0.833,"y":0.833},"s":[{"c":true,"i":[[0,-1.657],[0,0],[1.657,0],[0,1.657],[0,0],[-1.657,0]],"o":[[0,0],[0,1.657],[-1.657,0],[0,0],[0,-1.657],[1.657,0]],"v":[[3,-17],[3,17],[0,20],[-3,17],[-3,-17],[0,-20]]}],"t":18},{"o":{"x":0.167,"y":0.167},"i":{"x":0.833,"y":0.833},"s":[{"c":true,"i":[[0,-1.657],[0,0],[1.657,0],[0,1.657],[0,0],[-1.657,0]],"o":[[0,0],[0,1.657],[-1.657,0],[0,0],[0,-1.657],[1.657,0]],"v":[[3,-2],[3,7.25],[0,10.25],[-3,7.25],[-3,-2],[0,-5]]}],"t":24},{"o":{"x":0.167,"y":0.167},"i":{"x":0.833,"y":0.833},"s":[{"c":true,"i":[[0,-1.657],[0,0],[1.657,0],[0,1.657],[0,0],[-1.657,0]],"o":[[0,0],[0,1.657],[-1.657,0],[0,0],[0,-1.657],[1.657,0]],"v":[[3,-17],[3,17],[0,20],[-3,17],[-3,-17],[0,-20]]}],"t":30},{"s":[{"c":true,"i":[[0,-1.657],[0,0],[1.657,0],[0,1.657],[0,0],[-1.657,0]],"o":[[0,0],[0,1.657],[-1.657,0],[0,0],[0,-1.657],[1.657,0]],"v":[[3,-2],[3,7.25],[0,10.25],[-3,7.25],[-3,-2],[0,-5]]}],"t":36}],"ix":2}},{"ty":"fl","bm":0,"hd":false,"mn":"ADBE Vector Graphic - Fill","nm":"填充 1","c":{"a":0,"k":[0.5137,0.2745,0.2549],"ix":4},"r":1,"o":{"a":0,"k":100,"ix":5}},{"ty":"tr","a":{"a":0,"k":[0,0],"ix":1},"s":{"a":0,"k":[100,100],"ix":3},"sk":{"a":0,"k":0,"ix":4},"p":{"a":0,"k":[-74.942,1.527],"ix":2},"r":{"a":0,"k":0,"ix":6},"sa":{"a":0,"k":0,"ix":5},"o":{"a":0,"k":100,"ix":7}}]}],"ind":14}],"v":"5.6.6","fr":25,"op":36,"ip":0,"assets":[]}